cliente;serie;tipo;piso;unit;competencia;mes;uso;uso_real;snapshot;instancias;base;excedente;valor;vencimento;tem_regra
CENTER KENNEDY;Contrato original;licenca;50;59,90;2024-01;1;0;nao;nao;0;2995,00;0,00;2995,00;2024-01-30;sim
CENTER KENNEDY;Contrato original;licenca;50;59,90;2024-02;2;0;nao;nao;0;2995,00;0,00;2995,00;2024-02-29;sim
CENTER KENNEDY;Contrato original;licenca;50;59,90;2024-03;3;0;nao;nao;0;2995,00;0,00;2995,00;2024-03-30;sim
CENTER KENNEDY;Contrato original;licenca;50;59,90;2024-04;4;0;nao;nao;0;2995,00;0,00;2995,00;2024-04-30;sim
CENTER KENNEDY;Contrato original;licenca;50;59,90;2024-05;5;0;nao;nao;0;2995,00;0,00;2995,00;2024-05-30;sim
CENTER KENNEDY;Contrato original;licenca;50;59,90;2024-06;6;0;nao;nao;0;2995,00;0,00;2995,00;2024-06-30;sim
CENTER KENNEDY;Contrato original;licenca;50;59,90;2024-07;7;0;nao;nao;0;2995,00;0,00;2995,00;2024-07-30;sim
CENTER KENNEDY;Contrato original;licenca;50;59,90;2024-08;8;0;nao;nao;0;2995,00;0,00;2995,00;2024-08-30;sim
CENTER KENNEDY;Contrato original;licenca;50;59,90;2024-09;9;0;nao;nao;0;2995,00;0,00;2995,00;2024-09-30;sim
CENTER KENNEDY;Contrato original;licenca;50;59,90;2024-10;10;0;nao;nao;0;2995,00;0,00;2995,00;2024-10-30;sim
CENTER KENNEDY;Contrato original;licenca;50;59,90;2024-11;11;0;nao;nao;0;2995,00;0,00;2995,00;2024-11-30;sim
CENTER KENNEDY;Contrato original;licenca;50;59,90;2024-12;12;0;nao;nao;0;2995,00;0,00;2995,00;2024-12-30;sim
CENTER KENNEDY;Contrato original;licenca;50;59,90;2025-01;13;0;nao;nao;0;2995,00;0,00;2995,00;2025-01-30;sim
CENTER KENNEDY;Contrato original;licenca;50;59,90;2025-02;14;0;nao;nao;0;2995,00;0,00;2995,00;2025-02-28;sim
CENTER KENNEDY;Contrato original;licenca;50;59,90;2025-03;15;0;nao;nao;0;2995,00;0,00;2995,00;2025-03-30;sim
CENTER KENNEDY;Contrato original;licenca;50;59,90;2025-04;16;0;nao;nao;0;2995,00;0,00;2995,00;2025-04-30;sim
CENTER KENNEDY;Contrato original;licenca;50;59,90;2025-05;17;0;nao;nao;0;2995,00;0,00;2995,00;2025-05-30;sim
CENTER KENNEDY;Contrato original;licenca;50;59,90;2025-06;18;0;nao;nao;0;2995,00;0,00;2995,00;2025-06-30;sim
CENTER KENNEDY;Contrato original;licenca;50;59,90;2025-07;19;0;nao;nao;0;2995,00;0,00;2995,00;2025-07-30;sim
CENTER KENNEDY;Contrato original;licenca;50;59,90;2025-08;20;0;nao;nao;0;2995,00;0,00;2995,00;2025-08-30;sim
CENTER KENNEDY;Contrato original;licenca;50;59,90;2025-09;21;0;nao;nao;0;2995,00;0,00;2995,00;2025-09-30;sim
CENTER KENNEDY;Contrato original;licenca;50;59,90;2025-10;22;0;nao;nao;0;2995,00;0,00;2995,00;2025-10-30;sim
CENTER KENNEDY;Contrato original;licenca;50;59,90;2025-11;23;0;nao;nao;0;2995,00;0,00;2995,00;2025-11-30;sim
CENTER KENNEDY;Contrato original;licenca;50;59,90;2025-12;24;0;nao;sim;1;2995,00;0,00;2995,00;2025-12-30;sim
CENTER KENNEDY;Contrato original;licenca;50;59,90;2026-01;25;0;nao;sim;1;2995,00;0,00;2995,00;2026-01-30;sim
CENTER KENNEDY;Contrato original;licenca;50;59,90;2026-02;26;0;nao;sim;1;2995,00;0,00;2995,00;2026-02-28;sim
CENTER KENNEDY;Contrato original;licenca;50;59,90;2026-03;27;0;nao;sim;1;2995,00;0,00;2995,00;2026-03-30;sim
CENTER KENNEDY;Contrato original;licenca;50;59,90;2026-04;28;0;nao;sim;1;2995,00;0,00;2995,00;2026-04-30;sim
CENTER KENNEDY;Contrato original;licenca;50;59,90;2026-05;29;0;nao;sim;1;2995,00;0,00;2995,00;2026-05-30;sim
CENTER KENNEDY;Contrato original;licenca;50;59,90;2026-06;30;51;sim;sim;1;2995,00;59,90;3054,90;2026-06-30;sim
CENTER KENNEDY;Contrato original;licenca;50;59,90;2026-07;31;51;sim;sim;1;2995,00;59,90;3054,90;2026-07-30;sim
CENTER KENNEDY;Contrato original;licenca;50;59,90;2026-08;32;51;sim;sim;1;2995,00;59,90;3054,90;2026-08-30;sim
CENTER KENNEDY;Contrato original;licenca;50;59,90;2026-09;33;51;sim;sim;1;2995,00;59,90;3054,90;2026-09-30;sim
Center Móveis;Contrato original;licenca;350;54,86;2026-09;1;377;sim;sim;1;19201,00;1481,22;20682,22;2026-09-12;nao
LOJÃO RIO DO PEIXE;Contrato original;licenca;80;43,75;2023-02;1;0;nao;nao;0;3500,00;0,00;3500,00;2023-02-26;nao
LOJÃO RIO DO PEIXE;Contrato original;licenca;80;43,75;2023-03;2;0;nao;nao;0;3500,00;0,00;3500,00;2023-03-26;nao
LOJÃO RIO DO PEIXE;Contrato original;licenca;80;43,75;2023-04;3;0;nao;nao;0;3500,00;0,00;3500,00;2023-04-26;nao
LOJÃO RIO DO PEIXE;Contrato original;licenca;80;43,75;2023-05;4;0;nao;nao;0;3500,00;0,00;3500,00;2023-05-26;nao
LOJÃO RIO DO PEIXE;Contrato original;licenca;80;43,75;2023-06;5;0;nao;nao;0;3500,00;0,00;3500,00;2023-06-26;nao
LOJÃO RIO DO PEIXE;Contrato original;licenca;80;43,75;2023-07;6;0;nao;nao;0;3500,00;0,00;3500,00;2023-07-26;nao
LOJÃO RIO DO PEIXE;Contrato original;licenca;80;43,75;2023-08;7;0;nao;nao;0;3500,00;0,00;3500,00;2023-08-26;nao
LOJÃO RIO DO PEIXE;Contrato original;licenca;80;43,75;2023-09;8;0;nao;nao;0;3500,00;0,00;3500,00;2023-09-26;nao
LOJÃO RIO DO PEIXE;Contrato original;licenca;80;43,75;2023-10;9;0;nao;nao;0;3500,00;0,00;3500,00;2023-10-26;nao
LOJÃO RIO DO PEIXE;Contrato original;licenca;80;43,75;2023-11;10;0;nao;nao;0;3500,00;0,00;3500,00;2023-11-26;nao
LOJÃO RIO DO PEIXE;Contrato original;licenca;80;43,75;2023-12;11;0;nao;nao;0;3500,00;0,00;3500,00;2023-12-26;nao
LOJÃO RIO DO PEIXE;Contrato original;licenca;80;43,75;2024-01;12;0;nao;nao;0;3500,00;0,00;3500,00;2024-01-26;nao
LOJÃO RIO DO PEIXE;Contrato original;licenca;80;43,75;2024-02;13;0;nao;nao;0;3500,00;0,00;3500,00;2024-02-26;nao
LOJÃO RIO DO PEIXE;Contrato original;licenca;80;43,75;2024-03;14;0;nao;nao;0;3500,00;0,00;3500,00;2024-03-26;nao
LOJÃO RIO DO PEIXE;Contrato original;licenca;80;43,75;2024-04;15;0;nao;nao;0;3500,00;0,00;3500,00;2024-04-26;nao
LOJÃO RIO DO PEIXE;Contrato original;licenca;80;43,75;2024-05;16;0;nao;nao;0;3500,00;0,00;3500,00;2024-05-26;nao
LOJÃO RIO DO PEIXE;Contrato original;licenca;80;43,75;2024-06;17;0;nao;nao;0;3500,00;0,00;3500,00;2024-06-26;nao
LOJÃO RIO DO PEIXE;Contrato original;licenca;80;43,75;2024-07;18;0;nao;nao;0;3500,00;0,00;3500,00;2024-07-26;nao
LOJÃO RIO DO PEIXE;Contrato original;licenca;80;43,75;2024-08;19;0;nao;nao;0;3500,00;0,00;3500,00;2024-08-26;nao
LOJÃO RIO DO PEIXE;Contrato original;licenca;80;43,75;2024-09;20;0;nao;nao;0;3500,00;0,00;3500,00;2024-09-26;nao
LOJÃO RIO DO PEIXE;Contrato original;licenca;80;43,75;2024-10;21;0;nao;nao;0;3500,00;0,00;3500,00;2024-10-26;nao
LOJÃO RIO DO PEIXE;Contrato original;licenca;80;43,75;2024-11;22;0;nao;nao;0;3500,00;0,00;3500,00;2024-11-26;nao
LOJÃO RIO DO PEIXE;Contrato original;licenca;80;43,75;2024-12;23;0;nao;nao;0;3500,00;0,00;3500,00;2024-12-26;nao
LOJÃO RIO DO PEIXE;Contrato original;licenca;80;43,75;2025-01;24;0;nao;nao;0;3500,00;0,00;3500,00;2025-01-26;nao
LOJÃO RIO DO PEIXE;Contrato original;licenca;80;43,75;2025-02;25;0;nao;nao;0;3500,00;0,00;3500,00;2025-02-26;nao
LOJÃO RIO DO PEIXE;Contrato original;licenca;80;43,75;2025-03;26;0;nao;nao;0;3500,00;0,00;3500,00;2025-03-26;nao
LOJÃO RIO DO PEIXE;Contrato original;licenca;80;43,75;2025-04;27;0;nao;nao;0;3500,00;0,00;3500,00;2025-04-26;nao
LOJÃO RIO DO PEIXE;Contrato original;licenca;80;43,75;2025-05;28;0;nao;nao;0;3500,00;0,00;3500,00;2025-05-26;nao
LOJÃO RIO DO PEIXE;Contrato original;licenca;80;43,75;2025-06;29;0;nao;nao;0;3500,00;0,00;3500,00;2025-06-26;nao
LOJÃO RIO DO PEIXE;Contrato original;licenca;80;43,75;2025-07;30;0;nao;nao;0;3500,00;0,00;3500,00;2025-07-26;nao
LOJÃO RIO DO PEIXE;Contrato original;licenca;80;43,75;2025-08;31;0;nao;nao;0;3500,00;0,00;3500,00;2025-08-26;nao
LOJÃO RIO DO PEIXE;Contrato original;licenca;80;43,75;2025-09;32;0;nao;nao;0;3500,00;0,00;3500,00;2025-09-26;nao
LOJÃO RIO DO PEIXE;Contrato original;licenca;80;43,75;2025-10;33;0;nao;nao;0;3500,00;0,00;3500,00;2025-10-26;nao
LOJÃO RIO DO PEIXE;Contrato original;licenca;80;43,75;2025-11;34;0;nao;nao;0;3500,00;0,00;3500,00;2025-11-26;nao
LOJÃO RIO DO PEIXE;Contrato original;licenca;80;43,75;2025-12;35;0;nao;sim;1;3500,00;0,00;3500,00;2025-12-26;nao
LOJÃO RIO DO PEIXE;Contrato original;licenca;80;43,75;2026-01;36;0;nao;sim;1;3500,00;0,00;3500,00;2026-01-26;nao
LOJÃO RIO DO PEIXE;Contrato original;licenca;80;43,75;2026-02;37;0;nao;sim;1;3500,00;0,00;3500,00;2026-02-26;nao
LOJÃO RIO DO PEIXE;Contrato original;licenca;80;43,75;2026-03;38;0;nao;sim;1;3500,00;0,00;3500,00;2026-03-26;nao
LOJÃO RIO DO PEIXE;Contrato original;licenca;80;43,75;2026-04;39;0;nao;sim;1;3500,00;0,00;3500,00;2026-04-26;nao
LOJÃO RIO DO PEIXE;Contrato original;licenca;80;43,75;2026-05;40;0;nao;sim;1;3500,00;0,00;3500,00;2026-05-26;nao
LOJÃO RIO DO PEIXE;Contrato original;licenca;80;43,75;2026-06;41;85;sim;sim;1;3500,00;218,75;3718,75;2026-06-26;nao
LOJÃO RIO DO PEIXE;Contrato original;licenca;80;43,75;2026-07;42;85;sim;sim;1;3500,00;218,75;3718,75;2026-07-26;nao
LOJÃO RIO DO PEIXE;Contrato original;licenca;80;43,75;2026-08;43;87;sim;sim;1;3500,00;306,25;3806,25;2026-08-26;nao
LOJÃO RIO DO PEIXE;Contrato original;licenca;80;43,75;2026-09;44;88;sim;sim;1;3500,00;350,00;3850,00;2026-09-26;nao
LOJAS ADELINO;Contrato original;licenca;32;56,25;2022-07;1;0;nao;nao;0;1800,00;0,00;1800,00;2022-07-28;nao
LOJAS ADELINO;Contrato original;licenca;32;56,25;2022-08;2;0;nao;nao;0;1800,00;0,00;1800,00;2022-08-28;nao
LOJAS ADELINO;Contrato original;licenca;32;56,25;2022-09;3;0;nao;nao;0;1800,00;0,00;1800,00;2022-09-28;nao
LOJAS ADELINO;Contrato original;licenca;32;56,25;2022-10;4;0;nao;nao;0;1800,00;0,00;1800,00;2022-10-28;nao
LOJAS ADELINO;Contrato original;licenca;32;56,25;2022-11;5;0;nao;nao;0;1800,00;0,00;1800,00;2022-11-28;nao
LOJAS ADELINO;Contrato original;licenca;32;56,25;2022-12;6;0;nao;nao;0;1800,00;0,00;1800,00;2022-12-28;nao
LOJAS ADELINO;Contrato original;licenca;32;56,25;2023-01;7;0;nao;nao;0;1800,00;0,00;1800,00;2023-01-28;nao
LOJAS ADELINO;Contrato original;licenca;32;56,25;2023-02;8;0;nao;nao;0;1800,00;0,00;1800,00;2023-02-28;nao
LOJAS ADELINO;Contrato original;licenca;32;56,25;2023-03;9;0;nao;nao;0;1800,00;0,00;1800,00;2023-03-28;nao
LOJAS ADELINO;Contrato original;licenca;32;56,25;2023-04;10;0;nao;nao;0;1800,00;0,00;1800,00;2023-04-28;nao
LOJAS ADELINO;Contrato original;licenca;32;56,25;2023-05;11;0;nao;nao;0;1800,00;0,00;1800,00;2023-05-28;nao
LOJAS ADELINO;Contrato original;licenca;32;56,25;2023-06;12;0;nao;nao;0;1800,00;0,00;1800,00;2023-06-28;nao
LOJAS ADELINO;Contrato original;licenca;32;56,25;2023-07;13;0;nao;nao;0;1800,00;0,00;1800,00;2023-07-28;nao
LOJAS ADELINO;Contrato original;licenca;32;56,25;2023-08;14;0;nao;nao;0;1800,00;0,00;1800,00;2023-08-28;nao
LOJAS ADELINO;Contrato original;licenca;32;56,25;2023-09;15;0;nao;nao;0;1800,00;0,00;1800,00;2023-09-28;nao
LOJAS ADELINO;Contrato original;licenca;32;56,25;2023-10;16;0;nao;nao;0;1800,00;0,00;1800,00;2023-10-28;nao
LOJAS ADELINO;Contrato original;licenca;32;56,25;2023-11;17;0;nao;nao;0;1800,00;0,00;1800,00;2023-11-28;nao
LOJAS ADELINO;Contrato original;licenca;32;56,25;2023-12;18;0;nao;nao;0;1800,00;0,00;1800,00;2023-12-28;nao
LOJAS ADELINO;Contrato original;licenca;32;56,25;2024-01;19;0;nao;nao;0;1800,00;0,00;1800,00;2024-01-28;nao
LOJAS ADELINO;Contrato original;licenca;32;56,25;2024-02;20;0;nao;nao;0;1800,00;0,00;1800,00;2024-02-28;nao
LOJAS ADELINO;Contrato original;licenca;32;56,25;2024-03;21;0;nao;nao;0;1800,00;0,00;1800,00;2024-03-28;nao
LOJAS ADELINO;Contrato original;licenca;32;56,25;2024-04;22;0;nao;nao;0;1800,00;0,00;1800,00;2024-04-28;nao
LOJAS ADELINO;Contrato original;licenca;32;56,25;2024-05;23;0;nao;nao;0;1800,00;0,00;1800,00;2024-05-28;nao
LOJAS ADELINO;Contrato original;licenca;32;56,25;2024-06;24;0;nao;nao;0;1800,00;0,00;1800,00;2024-06-28;nao
LOJAS ADELINO;Contrato original;licenca;32;56,25;2024-07;25;0;nao;nao;0;1800,00;0,00;1800,00;2024-07-28;nao
LOJAS ADELINO;Contrato original;licenca;32;56,25;2024-08;26;0;nao;nao;0;1800,00;0,00;1800,00;2024-08-28;nao
LOJAS ADELINO;Contrato original;licenca;32;56,25;2024-09;27;0;nao;nao;0;1800,00;0,00;1800,00;2024-09-28;nao
LOJAS ADELINO;Contrato original;licenca;32;56,25;2024-10;28;0;nao;nao;0;1800,00;0,00;1800,00;2024-10-28;nao
LOJAS ADELINO;Contrato original;licenca;32;56,25;2024-11;29;0;nao;nao;0;1800,00;0,00;1800,00;2024-11-28;nao
LOJAS ADELINO;Contrato original;licenca;32;56,25;2024-12;30;0;nao;nao;0;1800,00;0,00;1800,00;2024-12-28;nao
LOJAS ADELINO;Contrato original;licenca;32;56,25;2025-01;31;0;nao;nao;0;1800,00;0,00;1800,00;2025-01-28;nao
LOJAS ADELINO;Contrato original;licenca;32;56,25;2025-02;32;0;nao;nao;0;1800,00;0,00;1800,00;2025-02-28;nao
LOJAS ADELINO;Contrato original;licenca;32;56,25;2025-03;33;0;nao;nao;0;1800,00;0,00;1800,00;2025-03-28;nao
LOJAS ADELINO;Contrato original;licenca;32;56,25;2025-04;34;0;nao;nao;0;1800,00;0,00;1800,00;2025-04-28;nao
LOJAS ADELINO;Contrato original;licenca;32;56,25;2025-05;35;0;nao;nao;0;1800,00;0,00;1800,00;2025-05-28;nao
LOJAS ADELINO;Contrato original;licenca;32;56,25;2025-06;36;0;nao;nao;0;1800,00;0,00;1800,00;2025-06-28;nao
LOJAS ADELINO;Contrato original;licenca;32;56,25;2025-07;37;0;nao;nao;0;1800,00;0,00;1800,00;2025-07-28;nao
LOJAS ADELINO;Contrato original;licenca;32;56,25;2025-08;38;0;nao;nao;0;1800,00;0,00;1800,00;2025-08-28;nao
LOJAS ADELINO;Contrato original;licenca;32;56,25;2025-09;39;0;nao;nao;0;1800,00;0,00;1800,00;2025-09-28;nao
LOJAS ADELINO;Contrato original;licenca;32;56,25;2025-10;40;0;nao;nao;0;1800,00;0,00;1800,00;2025-10-28;nao
LOJAS ADELINO;Contrato original;licenca;32;56,25;2025-11;41;0;nao;nao;0;1800,00;0,00;1800,00;2025-11-28;nao
LOJAS ADELINO;Contrato original;licenca;32;56,25;2025-12;42;0;nao;sim;1;1800,00;0,00;1800,00;2025-12-28;nao
LOJAS ADELINO;Contrato original;licenca;32;56,25;2026-01;43;0;nao;sim;1;1800,00;0,00;1800,00;2026-01-28;nao
LOJAS ADELINO;Contrato original;licenca;32;56,25;2026-02;44;0;nao;sim;1;1800,00;0,00;1800,00;2026-02-28;nao
LOJAS ADELINO;Contrato original;licenca;32;56,25;2026-03;45;0;nao;sim;1;1800,00;0,00;1800,00;2026-03-28;nao
LOJAS ADELINO;Contrato original;licenca;32;56,25;2026-04;46;0;nao;sim;1;1800,00;0,00;1800,00;2026-04-28;nao
LOJAS ADELINO;Contrato original;licenca;32;56,25;2026-05;47;0;nao;sim;1;1800,00;0,00;1800,00;2026-05-28;nao
LOJAS ADELINO;Contrato original;licenca;32;56,25;2026-06;48;32;sim;sim;1;1800,00;0,00;1800,00;2026-06-28;nao
LOJAS ADELINO;Contrato original;licenca;32;56,25;2026-07;49;32;sim;sim;1;1800,00;0,00;1800,00;2026-07-28;nao
LOJAS ADELINO;Contrato original;licenca;32;56,25;2026-08;50;32;sim;sim;1;1800,00;0,00;1800,00;2026-08-28;nao
LOJAS ADELINO;Contrato original;licenca;32;56,25;2026-09;51;32;sim;sim;1;1800,00;0,00;1800,00;2026-09-28;nao
LOJAS BERLANDA;Contrato original;licenca;300;32,25;2022-12;1;0;nao;nao;0;9675,00;0,00;9675,00;2022-12-20;nao
LOJAS BERLANDA;Contrato original;licenca;300;32,25;2023-01;2;0;nao;nao;0;9675,00;0,00;9675,00;2023-01-20;nao
LOJAS BERLANDA;Contrato original;licenca;300;32,25;2023-02;3;0;nao;nao;0;9675,00;0,00;9675,00;2023-02-20;nao
LOJAS BERLANDA;Contrato original;licenca;300;32,25;2023-03;4;0;nao;nao;0;9675,00;0,00;9675,00;2023-03-20;nao
LOJAS BERLANDA;Contrato original;licenca;300;32,25;2023-04;5;0;nao;nao;0;9675,00;0,00;9675,00;2023-04-20;nao
LOJAS BERLANDA;Contrato original;licenca;300;32,25;2023-05;6;0;nao;nao;0;9675,00;0,00;9675,00;2023-05-20;nao
LOJAS BERLANDA;Contrato original;licenca;300;32,25;2023-06;7;0;nao;nao;0;9675,00;0,00;9675,00;2023-06-20;nao
LOJAS BERLANDA;Contrato original;licenca;300;32,25;2023-07;8;0;nao;nao;0;9675,00;0,00;9675,00;2023-07-20;nao
LOJAS BERLANDA;Contrato original;licenca;300;32,25;2023-08;9;0;nao;nao;0;9675,00;0,00;9675,00;2023-08-20;nao
LOJAS BERLANDA;Contrato original;licenca;300;32,25;2023-09;10;0;nao;nao;0;9675,00;0,00;9675,00;2023-09-20;nao
LOJAS BERLANDA;Contrato original;licenca;300;32,25;2023-10;11;0;nao;nao;0;9675,00;0,00;9675,00;2023-10-20;nao
LOJAS BERLANDA;Contrato original;licenca;300;32,25;2023-11;12;0;nao;nao;0;9675,00;0,00;9675,00;2023-11-20;nao
LOJAS BERLANDA;Contrato original;licenca;300;32,25;2023-12;13;0;nao;nao;0;9675,00;0,00;9675,00;2023-12-20;nao
LOJAS BERLANDA;Contrato original;licenca;300;32,25;2024-01;14;0;nao;nao;0;9675,00;0,00;9675,00;2024-01-20;nao
LOJAS BERLANDA;Contrato original;licenca;300;32,25;2024-02;15;0;nao;nao;0;9675,00;0,00;9675,00;2024-02-20;nao
LOJAS BERLANDA;Contrato original;licenca;300;32,25;2024-03;16;0;nao;nao;0;9675,00;0,00;9675,00;2024-03-20;nao
LOJAS BERLANDA;Contrato original;licenca;300;32,25;2024-04;17;0;nao;nao;0;9675,00;0,00;9675,00;2024-04-20;nao
LOJAS BERLANDA;Contrato original;licenca;300;32,25;2024-05;18;0;nao;nao;0;9675,00;0,00;9675,00;2024-05-20;nao
LOJAS BERLANDA;Contrato original;licenca;300;32,25;2024-06;19;0;nao;nao;0;9675,00;0,00;9675,00;2024-06-20;nao
LOJAS BERLANDA;Contrato original;licenca;300;32,25;2024-07;20;0;nao;nao;0;9675,00;0,00;9675,00;2024-07-20;nao
LOJAS BERLANDA;Contrato original;licenca;300;32,25;2024-08;21;0;nao;nao;0;9675,00;0,00;9675,00;2024-08-20;nao
LOJAS BERLANDA;Contrato original;licenca;300;32,25;2024-09;22;0;nao;nao;0;9675,00;0,00;9675,00;2024-09-20;nao
LOJAS BERLANDA;Contrato original;licenca;300;32,25;2024-10;23;0;nao;nao;0;9675,00;0,00;9675,00;2024-10-20;nao
LOJAS BERLANDA;Contrato original;licenca;300;32,25;2024-11;24;0;nao;nao;0;9675,00;0,00;9675,00;2024-11-20;nao
LOJAS BERLANDA;Contrato original;licenca;300;32,25;2024-12;25;0;nao;nao;0;9675,00;0,00;9675,00;2024-12-20;nao
LOJAS BERLANDA;Contrato original;licenca;300;32,25;2025-01;26;0;nao;nao;0;9675,00;0,00;9675,00;2025-01-20;nao
LOJAS BERLANDA;Contrato original;licenca;300;32,25;2025-02;27;0;nao;nao;0;9675,00;0,00;9675,00;2025-02-20;nao
LOJAS BERLANDA;Contrato original;licenca;300;32,25;2025-03;28;0;nao;nao;0;9675,00;0,00;9675,00;2025-03-20;nao
LOJAS BERLANDA;Contrato original;licenca;300;32,25;2025-04;29;0;nao;nao;0;9675,00;0,00;9675,00;2025-04-20;nao
LOJAS BERLANDA;Contrato original;licenca;300;32,25;2025-05;30;0;nao;nao;0;9675,00;0,00;9675,00;2025-05-20;nao
LOJAS BERLANDA;Contrato original;licenca;300;32,25;2025-06;31;0;nao;nao;0;9675,00;0,00;9675,00;2025-06-20;nao
LOJAS BERLANDA;Contrato original;licenca;300;32,25;2025-07;32;0;nao;nao;0;9675,00;0,00;9675,00;2025-07-20;nao
LOJAS BERLANDA;Contrato original;licenca;300;32,25;2025-08;33;0;nao;nao;0;9675,00;0,00;9675,00;2025-08-20;nao
LOJAS BERLANDA;Contrato original;licenca;300;32,25;2025-09;34;0;nao;nao;0;9675,00;0,00;9675,00;2025-09-20;nao
LOJAS BERLANDA;Contrato original;licenca;300;32,25;2025-10;35;0;nao;nao;0;9675,00;0,00;9675,00;2025-10-20;nao
LOJAS BERLANDA;Contrato original;licenca;300;32,25;2025-11;36;0;nao;nao;0;9675,00;0,00;9675,00;2025-11-20;nao
LOJAS BERLANDA;Contrato original;licenca;300;32,25;2025-12;37;0;nao;sim;1;9675,00;0,00;9675,00;2025-12-20;nao
LOJAS BERLANDA;Contrato original;licenca;300;32,25;2026-01;38;0;nao;sim;1;9675,00;0,00;9675,00;2026-01-20;nao
LOJAS BERLANDA;Contrato original;licenca;300;32,25;2026-02;39;0;nao;sim;1;9675,00;0,00;9675,00;2026-02-20;nao
LOJAS BERLANDA;Contrato original;licenca;300;32,25;2026-03;40;0;nao;sim;1;9675,00;0,00;9675,00;2026-03-20;nao
LOJAS BERLANDA;Contrato original;licenca;300;32,25;2026-04;41;0;nao;sim;1;9675,00;0,00;9675,00;2026-04-20;nao
LOJAS BERLANDA;Contrato original;licenca;300;32,25;2026-05;42;0;nao;sim;1;9675,00;0,00;9675,00;2026-05-20;nao
LOJAS BERLANDA;Contrato original;licenca;300;32,25;2026-06;43;377;sim;sim;1;9675,00;2483,25;12158,25;2026-06-20;nao
LOJAS BERLANDA;Contrato original;licenca;300;32,25;2026-07;44;387;sim;sim;1;9675,00;2805,75;12480,75;2026-07-20;nao
LOJAS BERLANDA;Contrato original;licenca;300;32,25;2026-08;45;397;sim;sim;1;9675,00;3128,25;12803,25;2026-08-20;nao
LOJAS BERLANDA;Contrato original;licenca;300;32,25;2026-09;46;407;sim;sim;1;9675,00;3450,75;13125,75;2026-09-20;nao
LOJAS CYBELAR;Contrato original;licenca;50;60,00;2025-06;1;0;nao;nao;0;3000,00;0,00;3000,00;2025-06-22;nao
LOJAS CYBELAR;Contrato original;licenca;50;60,00;2025-07;2;0;nao;nao;0;3000,00;0,00;3000,00;2025-07-22;nao
LOJAS CYBELAR;Contrato original;licenca;50;60,00;2025-08;3;0;nao;nao;0;3000,00;0,00;3000,00;2025-08-22;nao
LOJAS CYBELAR;Contrato original;licenca;50;60,00;2025-09;4;0;nao;nao;0;3000,00;0,00;3000,00;2025-09-22;nao
LOJAS CYBELAR;Contrato original;licenca;50;60,00;2025-10;5;0;nao;nao;0;3000,00;0,00;3000,00;2025-10-22;nao
LOJAS CYBELAR;Contrato original;licenca;50;60,00;2025-11;6;0;nao;nao;0;3000,00;0,00;3000,00;2025-11-22;nao
LOJAS CYBELAR;Contrato original;licenca;50;60,00;2025-12;7;0;nao;sim;1;3000,00;0,00;3000,00;2025-12-22;nao
LOJAS CYBELAR;Contrato original;licenca;50;60,00;2026-01;8;0;nao;sim;1;3000,00;0,00;3000,00;2026-01-22;nao
LOJAS CYBELAR;Contrato original;licenca;50;60,00;2026-02;9;0;nao;sim;1;3000,00;0,00;3000,00;2026-02-22;nao
LOJAS CYBELAR;Contrato original;licenca;50;60,00;2026-03;10;0;nao;sim;1;3000,00;0,00;3000,00;2026-03-22;nao
LOJAS CYBELAR;Contrato original;licenca;50;60,00;2026-04;11;0;nao;sim;1;3000,00;0,00;3000,00;2026-04-22;nao
LOJAS CYBELAR;Contrato original;licenca;50;60,00;2026-05;12;0;nao;sim;1;3000,00;0,00;3000,00;2026-05-22;nao
LOJAS CYBELAR;Contrato original;licenca;50;60,00;2026-06;13;54;sim;sim;1;3000,00;240,00;3240,00;2026-06-22;nao
LOJAS CYBELAR;Contrato original;licenca;50;60,00;2026-07;14;54;sim;sim;1;3000,00;240,00;3240,00;2026-07-22;nao
LOJAS CYBELAR;Contrato original;licenca;50;60,00;2026-08;15;50;sim;sim;1;3000,00;0,00;3000,00;2026-08-22;nao
LOJAS CYBELAR;Contrato original;licenca;50;60,00;2026-09;16;50;sim;sim;1;3000,00;0,00;3000,00;2026-09-22;nao
Lojas Dujuca;Contrato original;licenca;70;56,30;2026-08;1;67;sim;sim;1;3941,00;0,00;3941,00;2026-08-10;nao
Lojas Dujuca;Contrato original;licenca;70;56,30;2026-09;2;85;sim;sim;1;3941,00;844,50;4785,50;2026-09-10;nao
Lojas Eletromóveis;Contrato original;licenca;45;51,11;2022-10;1;0;nao;nao;0;2299,95;0,00;2299,95;2022-10-27;sim
Lojas Eletromóveis;Contrato original;licenca;45;51,11;2022-11;2;0;nao;nao;0;2299,95;0,00;2299,95;2022-11-27;sim
Lojas Eletromóveis;Contrato original;licenca;45;51,11;2022-12;3;0;nao;nao;0;2299,95;0,00;2299,95;2022-12-27;sim
Lojas Eletromóveis;Contrato original;licenca;45;51,11;2023-01;4;0;nao;nao;0;2299,95;0,00;2299,95;2023-01-27;sim
Lojas Eletromóveis;Contrato original;licenca;45;51,11;2023-02;5;0;nao;nao;0;2299,95;0,00;2299,95;2023-02-27;sim
Lojas Eletromóveis;Contrato original;licenca;45;51,11;2023-03;6;0;nao;nao;0;2299,95;0,00;2299,95;2023-03-27;sim
Lojas Eletromóveis;Contrato original;licenca;45;51,11;2023-04;7;0;nao;nao;0;2299,95;0,00;2299,95;2023-04-27;sim
Lojas Eletromóveis;Contrato original;licenca;45;51,11;2023-05;8;0;nao;nao;0;2299,95;0,00;2299,95;2023-05-27;sim
Lojas Eletromóveis;Contrato original;licenca;45;51,11;2023-06;9;0;nao;nao;0;2299,95;0,00;2299,95;2023-06-27;sim
Lojas Eletromóveis;Contrato original;licenca;45;51,11;2023-07;10;0;nao;nao;0;2299,95;0,00;2299,95;2023-07-27;sim
Lojas Eletromóveis;Contrato original;licenca;45;51,11;2023-08;11;0;nao;nao;0;2299,95;0,00;2299,95;2023-08-27;sim
Lojas Eletromóveis;Contrato original;licenca;45;51,11;2023-09;12;0;nao;nao;0;2299,95;0,00;2299,95;2023-09-27;sim
Lojas Eletromóveis;Contrato original;licenca;45;51,11;2023-10;13;0;nao;nao;0;2299,95;0,00;2299,95;2023-10-27;sim
Lojas Eletromóveis;Contrato original;licenca;45;51,11;2023-11;14;0;nao;nao;0;2299,95;0,00;2299,95;2023-11-27;sim
Lojas Eletromóveis;Contrato original;licenca;45;51,11;2023-12;15;0;nao;nao;0;2299,95;0,00;2299,95;2023-12-27;sim
Lojas Eletromóveis;Contrato original;licenca;45;51,11;2024-01;16;0;nao;nao;0;2299,95;0,00;2299,95;2024-01-27;sim
Lojas Eletromóveis;Contrato original;licenca;45;51,11;2024-02;17;0;nao;nao;0;2299,95;0,00;2299,95;2024-02-27;sim
Lojas Eletromóveis;Contrato original;licenca;45;51,11;2024-03;18;0;nao;nao;0;2299,95;0,00;2299,95;2024-03-27;sim
Lojas Eletromóveis;Contrato original;licenca;45;51,11;2024-04;19;0;nao;nao;0;2299,95;0,00;2299,95;2024-04-27;sim
Lojas Eletromóveis;Contrato original;licenca;45;51,11;2024-05;20;0;nao;nao;0;2299,95;0,00;2299,95;2024-05-27;sim
Lojas Eletromóveis;Contrato original;licenca;45;51,11;2024-06;21;0;nao;nao;0;2299,95;0,00;2299,95;2024-06-27;sim
Lojas Eletromóveis;Contrato original;licenca;45;51,11;2024-07;22;0;nao;nao;0;2299,95;0,00;2299,95;2024-07-27;sim
Lojas Eletromóveis;Contrato original;licenca;45;51,11;2024-08;23;0;nao;nao;0;2299,95;0,00;2299,95;2024-08-27;sim
Lojas Eletromóveis;Contrato original;licenca;45;51,11;2024-09;24;0;nao;nao;0;2299,95;0,00;2299,95;2024-09-27;sim
Lojas Eletromóveis;Contrato original;licenca;45;51,11;2024-10;25;0;nao;nao;0;2299,95;0,00;2299,95;2024-10-27;sim
Lojas Eletromóveis;Contrato original;licenca;45;51,11;2024-11;26;0;nao;nao;0;2299,95;0,00;2299,95;2024-11-27;sim
Lojas Eletromóveis;Contrato original;licenca;45;51,11;2024-12;27;0;nao;nao;0;2299,95;0,00;2299,95;2024-12-27;sim
Lojas Eletromóveis;Contrato original;licenca;45;51,11;2025-01;28;0;nao;nao;0;2299,95;0,00;2299,95;2025-01-27;sim
Lojas Eletromóveis;Contrato original;licenca;45;51,11;2025-02;29;0;nao;nao;0;2299,95;0,00;2299,95;2025-02-27;sim
Lojas Eletromóveis;Contrato original;licenca;45;51,11;2025-03;30;0;nao;nao;0;2299,95;0,00;2299,95;2025-03-27;sim
Lojas Eletromóveis;Contrato original;licenca;45;51,11;2025-04;31;0;nao;nao;0;2299,95;0,00;2299,95;2025-04-27;sim
Lojas Eletromóveis;Contrato original;licenca;45;51,11;2025-05;32;0;nao;nao;0;2299,95;0,00;2299,95;2025-05-27;sim
Lojas Eletromóveis;Contrato original;licenca;45;51,11;2025-06;33;0;nao;nao;0;2299,95;0,00;2299,95;2025-06-27;sim
Lojas Eletromóveis;Contrato original;licenca;45;51,11;2025-07;34;0;nao;nao;0;2299,95;0,00;2299,95;2025-07-27;sim
Lojas Eletromóveis;Contrato original;licenca;45;51,11;2025-08;35;0;nao;nao;0;2299,95;0,00;2299,95;2025-08-27;sim
Lojas Eletromóveis;Contrato original;licenca;45;51,11;2025-09;36;0;nao;nao;0;2299,95;0,00;2299,95;2025-09-27;sim
Lojas Eletromóveis;Contrato original;licenca;45;51,11;2025-10;37;0;nao;nao;0;2299,95;0,00;2299,95;2025-10-27;sim
Lojas Eletromóveis;Contrato original;licenca;45;51,11;2025-11;38;0;nao;nao;0;2299,95;0,00;2299,95;2025-11-27;sim
Lojas Eletromóveis;Contrato original;licenca;45;51,11;2025-12;39;0;nao;sim;1;2299,95;0,00;2299,95;2025-12-27;sim
Lojas Eletromóveis;Contrato original;licenca;45;51,11;2026-01;40;0;nao;sim;1;2299,95;0,00;2299,95;2026-01-27;sim
Lojas Eletromóveis;Contrato original;licenca;45;51,11;2026-02;41;0;nao;sim;1;2299,95;0,00;2299,95;2026-02-27;sim
Lojas Eletromóveis;Contrato original;licenca;45;51,11;2026-03;42;0;nao;sim;1;2299,95;0,00;2299,95;2026-03-27;sim
Lojas Eletromóveis;Contrato original;licenca;45;51,11;2026-04;43;0;nao;sim;1;2299,95;0,00;2299,95;2026-04-27;sim
Lojas Eletromóveis;Contrato original;licenca;45;51,11;2026-05;44;0;nao;sim;1;2299,95;0,00;2299,95;2026-05-27;sim
Lojas Eletromóveis;Contrato original;licenca;45;51,11;2026-06;45;29;sim;sim;1;2299,95;0,00;2299,95;2026-06-27;sim
Lojas Eletromóveis;Contrato original;licenca;45;51,11;2026-07;46;29;sim;sim;1;2299,95;0,00;2299,95;2026-07-27;sim
Lojas Eletromóveis;Contrato original;licenca;45;51,11;2026-08;47;29;sim;sim;1;2299,95;0,00;2299,95;2026-08-27;sim
Lojas Eletromóveis;Contrato original;licenca;45;51,11;2026-09;48;29;sim;sim;1;2299,95;0,00;2299,95;2026-09-27;sim
LOJAS KOERICH;Contrato original;licenca;400;40,00;2021-03;1;0;nao;nao;0;16000,00;0,00;16000,00;2021-03-31;nao
LOJAS KOERICH;Contrato original;licenca;400;40,00;2021-04;2;0;nao;nao;0;16000,00;0,00;16000,00;2021-04-30;nao
LOJAS KOERICH;Contrato original;licenca;400;40,00;2021-05;3;0;nao;nao;0;16000,00;0,00;16000,00;2021-05-31;nao
LOJAS KOERICH;Contrato original;licenca;400;40,00;2021-06;4;0;nao;nao;0;16000,00;0,00;16000,00;2021-06-30;nao
LOJAS KOERICH;Contrato original;licenca;400;40,00;2021-07;5;0;nao;nao;0;16000,00;0,00;16000,00;2021-07-31;nao
LOJAS KOERICH;Contrato original;licenca;400;40,00;2021-08;6;0;nao;nao;0;16000,00;0,00;16000,00;2021-08-31;nao
LOJAS KOERICH;Contrato original;licenca;400;40,00;2021-09;7;0;nao;nao;0;16000,00;0,00;16000,00;2021-09-30;nao
LOJAS KOERICH;Contrato original;licenca;400;40,00;2021-10;8;0;nao;nao;0;16000,00;0,00;16000,00;2021-10-31;nao
LOJAS KOERICH;Contrato original;licenca;400;40,00;2021-11;9;0;nao;nao;0;16000,00;0,00;16000,00;2021-11-30;nao
LOJAS KOERICH;Contrato original;licenca;400;40,00;2021-12;10;0;nao;nao;0;16000,00;0,00;16000,00;2021-12-31;nao
LOJAS KOERICH;Contrato original;licenca;400;40,00;2022-01;11;0;nao;nao;0;16000,00;0,00;16000,00;2022-01-31;nao
LOJAS KOERICH;Contrato original;licenca;400;40,00;2022-02;12;0;nao;nao;0;16000,00;0,00;16000,00;2022-02-28;nao
LOJAS KOERICH;Contrato original;licenca;400;40,00;2022-03;13;0;nao;nao;0;16000,00;0,00;16000,00;2022-03-31;nao
LOJAS KOERICH;Contrato original;licenca;400;40,00;2022-04;14;0;nao;nao;0;16000,00;0,00;16000,00;2022-04-30;nao
LOJAS KOERICH;Contrato original;licenca;400;40,00;2022-05;15;0;nao;nao;0;16000,00;0,00;16000,00;2022-05-31;nao
LOJAS KOERICH;Contrato original;licenca;400;40,00;2022-06;16;0;nao;nao;0;16000,00;0,00;16000,00;2022-06-30;nao
LOJAS KOERICH;Contrato original;licenca;400;40,00;2022-07;17;0;nao;nao;0;16000,00;0,00;16000,00;2022-07-31;nao
LOJAS KOERICH;Contrato original;licenca;400;40,00;2022-08;18;0;nao;nao;0;16000,00;0,00;16000,00;2022-08-31;nao
LOJAS KOERICH;Contrato original;licenca;400;40,00;2022-09;19;0;nao;nao;0;16000,00;0,00;16000,00;2022-09-30;nao
LOJAS KOERICH;Contrato original;licenca;400;40,00;2022-10;20;0;nao;nao;0;16000,00;0,00;16000,00;2022-10-31;nao
LOJAS KOERICH;Contrato original;licenca;400;40,00;2022-11;21;0;nao;nao;0;16000,00;0,00;16000,00;2022-11-30;nao
LOJAS KOERICH;Contrato original;licenca;400;40,00;2022-12;22;0;nao;nao;0;16000,00;0,00;16000,00;2022-12-31;nao
LOJAS KOERICH;Contrato original;licenca;400;40,00;2023-01;23;0;nao;nao;0;16000,00;0,00;16000,00;2023-01-31;nao
LOJAS KOERICH;Contrato original;licenca;400;40,00;2023-02;24;0;nao;nao;0;16000,00;0,00;16000,00;2023-02-28;nao
LOJAS KOERICH;Contrato original;licenca;400;40,00;2023-03;25;0;nao;nao;0;16000,00;0,00;16000,00;2023-03-31;nao
LOJAS KOERICH;Contrato original;licenca;400;40,00;2023-04;26;0;nao;nao;0;16000,00;0,00;16000,00;2023-04-30;nao
LOJAS KOERICH;Contrato original;licenca;400;40,00;2023-05;27;0;nao;nao;0;16000,00;0,00;16000,00;2023-05-31;nao
LOJAS KOERICH;Contrato original;licenca;400;40,00;2023-06;28;0;nao;nao;0;16000,00;0,00;16000,00;2023-06-30;nao
LOJAS KOERICH;Contrato original;licenca;400;40,00;2023-07;29;0;nao;nao;0;16000,00;0,00;16000,00;2023-07-31;nao
LOJAS KOERICH;Contrato original;licenca;400;40,00;2023-08;30;0;nao;nao;0;16000,00;0,00;16000,00;2023-08-31;nao
LOJAS KOERICH;Contrato original;licenca;400;40,00;2023-09;31;0;nao;nao;0;16000,00;0,00;16000,00;2023-09-30;nao
LOJAS KOERICH;Contrato original;licenca;400;40,00;2023-10;32;0;nao;nao;0;16000,00;0,00;16000,00;2023-10-31;nao
LOJAS KOERICH;Contrato original;licenca;400;40,00;2023-11;33;0;nao;nao;0;16000,00;0,00;16000,00;2023-11-30;nao
LOJAS KOERICH;Contrato original;licenca;400;40,00;2023-12;34;0;nao;nao;0;16000,00;0,00;16000,00;2023-12-31;nao
LOJAS KOERICH;Contrato original;licenca;400;40,00;2024-01;35;0;nao;nao;0;16000,00;0,00;16000,00;2024-01-31;nao
LOJAS KOERICH;Contrato original;licenca;400;40,00;2024-02;36;0;nao;nao;0;16000,00;0,00;16000,00;2024-02-29;nao
LOJAS KOERICH;Contrato original;licenca;400;40,00;2024-03;37;0;nao;nao;0;16000,00;0,00;16000,00;2024-03-31;nao
LOJAS KOERICH;Contrato original;licenca;400;40,00;2024-04;38;0;nao;nao;0;16000,00;0,00;16000,00;2024-04-30;nao
LOJAS KOERICH;Contrato original;licenca;400;40,00;2024-05;39;0;nao;nao;0;16000,00;0,00;16000,00;2024-05-31;nao
LOJAS KOERICH;Contrato original;licenca;400;40,00;2024-06;40;0;nao;nao;0;16000,00;0,00;16000,00;2024-06-30;nao
LOJAS KOERICH;Contrato original;licenca;400;40,00;2024-07;41;0;nao;nao;0;16000,00;0,00;16000,00;2024-07-31;nao
LOJAS KOERICH;Contrato original;licenca;400;40,00;2024-08;42;0;nao;nao;0;16000,00;0,00;16000,00;2024-08-31;nao
LOJAS KOERICH;Contrato original;licenca;400;40,00;2024-09;43;0;nao;nao;0;16000,00;0,00;16000,00;2024-09-30;nao
LOJAS KOERICH;Contrato original;licenca;400;40,00;2024-10;44;0;nao;nao;0;16000,00;0,00;16000,00;2024-10-31;nao
LOJAS KOERICH;Contrato original;licenca;400;40,00;2024-11;45;0;nao;nao;0;16000,00;0,00;16000,00;2024-11-30;nao
LOJAS KOERICH;Contrato original;licenca;400;40,00;2024-12;46;0;nao;nao;0;16000,00;0,00;16000,00;2024-12-31;nao
LOJAS KOERICH;Contrato original;licenca;400;40,00;2025-01;47;0;nao;nao;0;16000,00;0,00;16000,00;2025-01-31;nao
LOJAS KOERICH;Contrato original;licenca;400;40,00;2025-02;48;0;nao;nao;0;16000,00;0,00;16000,00;2025-02-28;nao
LOJAS KOERICH;Contrato original;licenca;400;40,00;2025-03;49;0;nao;nao;0;16000,00;0,00;16000,00;2025-03-31;nao
LOJAS KOERICH;Contrato original;licenca;400;40,00;2025-04;50;0;nao;nao;0;16000,00;0,00;16000,00;2025-04-30;nao
LOJAS KOERICH;Contrato original;licenca;400;40,00;2025-05;51;0;nao;nao;0;16000,00;0,00;16000,00;2025-05-31;nao
LOJAS KOERICH;Contrato original;licenca;400;40,00;2025-06;52;0;nao;nao;0;16000,00;0,00;16000,00;2025-06-30;nao
LOJAS KOERICH;Contrato original;licenca;400;40,00;2025-07;53;0;nao;nao;0;16000,00;0,00;16000,00;2025-07-31;nao
LOJAS KOERICH;Contrato original;licenca;400;40,00;2025-08;54;0;nao;nao;0;16000,00;0,00;16000,00;2025-08-31;nao
LOJAS KOERICH;Contrato original;licenca;400;40,00;2025-09;55;0;nao;nao;0;16000,00;0,00;16000,00;2025-09-30;nao
LOJAS KOERICH;Contrato original;licenca;400;40,00;2025-10;56;0;nao;nao;0;16000,00;0,00;16000,00;2025-10-31;nao
LOJAS KOERICH;Contrato original;licenca;400;40,00;2025-11;57;0;nao;nao;0;16000,00;0,00;16000,00;2025-11-30;nao
LOJAS KOERICH;Contrato original;licenca;400;40,00;2025-12;58;0;nao;sim;1;16000,00;0,00;16000,00;2025-12-31;nao
LOJAS KOERICH;Contrato original;licenca;400;40,00;2026-01;59;0;nao;sim;1;16000,00;0,00;16000,00;2026-01-31;nao
LOJAS KOERICH;Contrato original;licenca;400;40,00;2026-02;60;0;nao;sim;1;16000,00;0,00;16000,00;2026-02-28;nao
LOJAS KOERICH;Contrato original;licenca;400;40,00;2026-03;61;0;nao;sim;1;16000,00;0,00;16000,00;2026-03-31;nao
LOJAS KOERICH;Contrato original;licenca;400;40,00;2026-04;62;0;nao;sim;1;16000,00;0,00;16000,00;2026-04-30;nao
LOJAS KOERICH;Contrato original;licenca;400;40,00;2026-05;63;0;nao;sim;1;16000,00;0,00;16000,00;2026-05-31;nao
LOJAS KOERICH;Contrato original;licenca;400;40,00;2026-06;64;240;sim;sim;1;16000,00;0,00;16000,00;2026-06-30;nao
LOJAS KOERICH;Contrato original;licenca;400;40,00;2026-07;65;241;sim;sim;1;16000,00;0,00;16000,00;2026-07-31;nao
LOJAS KOERICH;Contrato original;licenca;400;40,00;2026-08;66;236;sim;sim;1;16000,00;0,00;16000,00;2026-08-31;nao
LOJAS KOERICH;Contrato original;licenca;400;40,00;2026-09;67;244;sim;sim;1;16000,00;0,00;16000,00;2026-09-30;nao
LOJAS MM;Contrato original;licenca;600;29,17;2024-10;1;0;nao;nao;0;17500,02;0,00;17500,02;2024-10-09;nao
LOJAS MM;Contrato original;licenca;600;29,17;2024-11;2;0;nao;nao;0;17500,02;0,00;17500,02;2024-11-09;nao
LOJAS MM;Contrato original;licenca;600;29,17;2024-12;3;0;nao;nao;0;17500,02;0,00;17500,02;2024-12-09;nao
LOJAS MM;Contrato original;licenca;600;29,17;2025-01;4;0;nao;nao;0;17500,02;0,00;17500,02;2025-01-09;nao
LOJAS MM;Contrato original;licenca;600;29,17;2025-02;5;0;nao;nao;0;17500,02;0,00;17500,02;2025-02-09;nao
LOJAS MM;Contrato original;licenca;600;29,17;2025-03;6;0;nao;nao;0;17500,02;0,00;17500,02;2025-03-09;nao
LOJAS MM;Contrato original;licenca;600;29,17;2025-04;7;0;nao;nao;0;17500,02;0,00;17500,02;2025-04-09;nao
LOJAS MM;Contrato original;licenca;600;29,17;2025-05;8;0;nao;nao;0;17500,02;0,00;17500,02;2025-05-09;nao
LOJAS MM;Contrato original;licenca;600;29,17;2025-06;9;0;nao;nao;0;17500,02;0,00;17500,02;2025-06-09;nao
LOJAS MM;Contrato original;licenca;600;29,17;2025-07;10;0;nao;nao;0;17500,02;0,00;17500,02;2025-07-09;nao
LOJAS MM;Contrato original;licenca;600;29,17;2025-08;11;0;nao;nao;0;17500,02;0,00;17500,02;2025-08-09;nao
LOJAS MM;Contrato original;licenca;600;29,17;2025-09;12;0;nao;nao;0;17500,02;0,00;17500,02;2025-09-09;nao
LOJAS MM;Contrato original;licenca;600;29,17;2025-10;13;0;nao;nao;0;17500,02;0,00;17500,02;2025-10-09;nao
LOJAS MM;Contrato original;licenca;600;29,17;2025-11;14;0;nao;nao;0;17500,02;0,00;17500,02;2025-11-09;nao
LOJAS MM;Contrato original;licenca;600;29,17;2025-12;15;0;nao;sim;2;17500,02;0,00;17500,02;2025-12-09;nao
LOJAS MM;Contrato original;licenca;600;29,17;2026-01;16;0;nao;sim;2;17500,02;0,00;17500,02;2026-01-09;nao
LOJAS MM;Contrato original;licenca;600;29,17;2026-02;17;0;nao;sim;2;17500,02;0,00;17500,02;2026-02-09;nao
LOJAS MM;Contrato original;licenca;600;29,17;2026-03;18;0;nao;sim;2;17500,02;0,00;17500,02;2026-03-09;nao
LOJAS MM;Contrato original;licenca;600;29,17;2026-04;19;0;nao;sim;2;17500,02;0,00;17500,02;2026-04-09;nao
LOJAS MM;Contrato original;licenca;600;29,17;2026-05;20;0;nao;sim;2;17500,02;0,00;17500,02;2026-05-09;nao
LOJAS MM;Contrato original;licenca;600;29,17;2026-06;21;411;sim;sim;2;17500,02;0,00;17500,02;2026-06-09;nao
LOJAS MM;Contrato original;licenca;600;29,17;2026-07;22;417;sim;sim;2;17500,02;0,00;17500,02;2026-07-09;nao
LOJAS MM;Contrato original;licenca;600;29,17;2026-08;23;447;sim;sim;2;17500,02;0,00;17500,02;2026-08-09;nao
LOJAS MM;Contrato original;licenca;600;29,17;2026-09;24;504;sim;sim;2;17500,02;0,00;17500,02;2026-09-09;nao
Lojas Simonetti;Contrato original;licenca;700;30,00;2026-06;1;145;sim;sim;2;21000,00;0,00;21000,00;2026-06-20;nao
Lojas Simonetti;Contrato original;licenca;700;30,00;2026-07;2;145;sim;sim;2;21000,00;0,00;21000,00;2026-07-20;nao
Lojas Simonetti;Contrato original;licenca;700;30,00;2026-08;3;153;sim;sim;2;21000,00;0,00;21000,00;2026-08-20;nao
Lojas Simonetti;Contrato original;licenca;700;30,00;2026-09;4;160;sim;sim;2;21000,00;0,00;21000,00;2026-09-20;nao
LOJAS SIPOLATTI;Contrato original;licenca;110;64,50;2026-04;1;0;nao;sim;1;7095,00;0,00;7095,00;2026-04-07;nao
LOJAS SIPOLATTI;Contrato original;licenca;110;64,50;2026-05;2;0;nao;sim;1;7095,00;0,00;7095,00;2026-05-07;nao
LOJAS SIPOLATTI;Contrato original;licenca;110;64,50;2026-06;3;192;sim;sim;1;7095,00;5289,00;12384,00;2026-06-07;nao
LOJAS SIPOLATTI;Contrato original;licenca;110;64,50;2026-07;4;206;sim;sim;1;7095,00;6192,00;13287,00;2026-07-07;nao
LOJAS SIPOLATTI;Contrato original;licenca;110;64,50;2026-08;5;229;sim;sim;1;7095,00;7675,50;14770,50;2026-08-07;nao
LOJAS SIPOLATTI;Contrato original;licenca;110;64,50;2026-09;6;238;sim;sim;1;7095,00;8256,00;15351,00;2026-09-07;nao
LOJAS SOLAR;Contrato original;licenca;60;45,00;2022-10;1;0;nao;nao;0;2700,00;0,00;2700,00;2022-10-26;nao
LOJAS SOLAR;Contrato original;licenca;60;45,00;2022-11;2;0;nao;nao;0;2700,00;0,00;2700,00;2022-11-26;nao
LOJAS SOLAR;Contrato original;licenca;60;45,00;2022-12;3;0;nao;nao;0;2700,00;0,00;2700,00;2022-12-26;nao
LOJAS SOLAR;Contrato original;licenca;60;45,00;2023-01;4;0;nao;nao;0;2700,00;0,00;2700,00;2023-01-26;nao
LOJAS SOLAR;Contrato original;licenca;60;45,00;2023-02;5;0;nao;nao;0;2700,00;0,00;2700,00;2023-02-26;nao
LOJAS SOLAR;Contrato original;licenca;60;45,00;2023-03;6;0;nao;nao;0;2700,00;0,00;2700,00;2023-03-26;nao
LOJAS SOLAR;Contrato original;licenca;60;45,00;2023-04;7;0;nao;nao;0;2700,00;0,00;2700,00;2023-04-26;nao
LOJAS SOLAR;Contrato original;licenca;60;45,00;2023-05;8;0;nao;nao;0;2700,00;0,00;2700,00;2023-05-26;nao
LOJAS SOLAR;Contrato original;licenca;60;45,00;2023-06;9;0;nao;nao;0;2700,00;0,00;2700,00;2023-06-26;nao
LOJAS SOLAR;Contrato original;licenca;60;45,00;2023-07;10;0;nao;nao;0;2700,00;0,00;2700,00;2023-07-26;nao
LOJAS SOLAR;Contrato original;licenca;60;45,00;2023-08;11;0;nao;nao;0;2700,00;0,00;2700,00;2023-08-26;nao
LOJAS SOLAR;Contrato original;licenca;60;45,00;2023-09;12;0;nao;nao;0;2700,00;0,00;2700,00;2023-09-26;nao
LOJAS SOLAR;Contrato original;licenca;60;45,00;2023-10;13;0;nao;nao;0;2700,00;0,00;2700,00;2023-10-26;nao
LOJAS SOLAR;Contrato original;licenca;60;45,00;2023-11;14;0;nao;nao;0;2700,00;0,00;2700,00;2023-11-26;nao
LOJAS SOLAR;Contrato original;licenca;60;45,00;2023-12;15;0;nao;nao;0;2700,00;0,00;2700,00;2023-12-26;nao
LOJAS SOLAR;Contrato original;licenca;60;45,00;2024-01;16;0;nao;nao;0;2700,00;0,00;2700,00;2024-01-26;nao
LOJAS SOLAR;Contrato original;licenca;60;45,00;2024-02;17;0;nao;nao;0;2700,00;0,00;2700,00;2024-02-26;nao
LOJAS SOLAR;Contrato original;licenca;60;45,00;2024-03;18;0;nao;nao;0;2700,00;0,00;2700,00;2024-03-26;nao
LOJAS SOLAR;Contrato original;licenca;60;45,00;2024-04;19;0;nao;nao;0;2700,00;0,00;2700,00;2024-04-26;nao
LOJAS SOLAR;Contrato original;licenca;60;45,00;2024-05;20;0;nao;nao;0;2700,00;0,00;2700,00;2024-05-26;nao
LOJAS SOLAR;Contrato original;licenca;60;45,00;2024-06;21;0;nao;nao;0;2700,00;0,00;2700,00;2024-06-26;nao
LOJAS SOLAR;Contrato original;licenca;60;45,00;2024-07;22;0;nao;nao;0;2700,00;0,00;2700,00;2024-07-26;nao
LOJAS SOLAR;Contrato original;licenca;60;45,00;2024-08;23;0;nao;nao;0;2700,00;0,00;2700,00;2024-08-26;nao
LOJAS SOLAR;Contrato original;licenca;60;45,00;2024-09;24;0;nao;nao;0;2700,00;0,00;2700,00;2024-09-26;nao
LOJAS SOLAR;Contrato original;licenca;60;45,00;2024-10;25;0;nao;nao;0;2700,00;0,00;2700,00;2024-10-26;nao
LOJAS SOLAR;Contrato original;licenca;60;45,00;2024-11;26;0;nao;nao;0;2700,00;0,00;2700,00;2024-11-26;nao
LOJAS SOLAR;Contrato original;licenca;60;45,00;2024-12;27;0;nao;nao;0;2700,00;0,00;2700,00;2024-12-26;nao
LOJAS SOLAR;Contrato original;licenca;60;45,00;2025-01;28;0;nao;nao;0;2700,00;0,00;2700,00;2025-01-26;nao
LOJAS SOLAR;Contrato original;licenca;60;45,00;2025-02;29;0;nao;nao;0;2700,00;0,00;2700,00;2025-02-26;nao
LOJAS SOLAR;Contrato original;licenca;60;45,00;2025-03;30;0;nao;nao;0;2700,00;0,00;2700,00;2025-03-26;nao
LOJAS SOLAR;Contrato original;licenca;60;45,00;2025-04;31;0;nao;nao;0;2700,00;0,00;2700,00;2025-04-26;nao
LOJAS SOLAR;Contrato original;licenca;60;45,00;2025-05;32;0;nao;nao;0;2700,00;0,00;2700,00;2025-05-26;nao
LOJAS SOLAR;Contrato original;licenca;60;45,00;2025-06;33;0;nao;nao;0;2700,00;0,00;2700,00;2025-06-26;nao
LOJAS SOLAR;Contrato original;licenca;60;45,00;2025-07;34;0;nao;nao;0;2700,00;0,00;2700,00;2025-07-26;nao
LOJAS SOLAR;Contrato original;licenca;60;45,00;2025-08;35;0;nao;nao;0;2700,00;0,00;2700,00;2025-08-26;nao
LOJAS SOLAR;Contrato original;licenca;60;45,00;2025-09;36;0;nao;nao;0;2700,00;0,00;2700,00;2025-09-26;nao
LOJAS SOLAR;Contrato original;licenca;60;45,00;2025-10;37;0;nao;nao;0;2700,00;0,00;2700,00;2025-10-26;nao
LOJAS SOLAR;Contrato original;licenca;60;45,00;2025-11;38;0;nao;nao;0;2700,00;0,00;2700,00;2025-11-26;nao
LOJAS SOLAR;Contrato original;licenca;60;45,00;2025-12;39;0;nao;sim;1;2700,00;0,00;2700,00;2025-12-26;nao
LOJAS SOLAR;Contrato original;licenca;60;45,00;2026-01;40;0;nao;sim;1;2700,00;0,00;2700,00;2026-01-26;nao
LOJAS SOLAR;Contrato original;licenca;60;45,00;2026-02;41;0;nao;sim;1;2700,00;0,00;2700,00;2026-02-26;nao
LOJAS SOLAR;Contrato original;licenca;60;45,00;2026-03;42;0;nao;sim;1;2700,00;0,00;2700,00;2026-03-26;nao
LOJAS SOLAR;Contrato original;licenca;60;45,00;2026-04;43;0;nao;sim;1;2700,00;0,00;2700,00;2026-04-26;nao
LOJAS SOLAR;Contrato original;licenca;60;45,00;2026-05;44;0;nao;sim;1;2700,00;0,00;2700,00;2026-05-26;nao
LOJAS SOLAR;Contrato original;licenca;60;45,00;2026-06;45;94;sim;sim;1;2700,00;1530,00;4230,00;2026-06-26;nao
LOJAS SOLAR;Contrato original;licenca;60;45,00;2026-07;46;94;sim;sim;1;2700,00;1530,00;4230,00;2026-07-26;nao
LOJAS SOLAR;Contrato original;licenca;60;45,00;2026-08;47;94;sim;sim;1;2700,00;1530,00;4230,00;2026-08-26;nao
LOJAS SOLAR;Contrato original;licenca;60;45,00;2026-09;48;95;sim;sim;1;2700,00;1575,00;4275,00;2026-09-26;nao
LOJAS TODIMO;Contrato original;os;0;1,93;2021-12;1;0;nao;nao;0;0,00;0,00;0,00;2021-12-10;nao
LOJAS TODIMO;Contrato original;os;0;1,93;2022-01;2;0;nao;nao;0;0,00;0,00;0,00;2022-01-10;nao
LOJAS TODIMO;Contrato original;os;0;1,93;2022-02;3;0;nao;nao;0;0,00;0,00;0,00;2022-02-10;nao
LOJAS TODIMO;Contrato original;os;0;1,93;2022-03;4;0;nao;nao;0;0,00;0,00;0,00;2022-03-10;nao
LOJAS TODIMO;Contrato original;os;0;1,93;2022-04;5;0;nao;nao;0;0,00;0,00;0,00;2022-04-10;nao
LOJAS TODIMO;Contrato original;os;0;1,93;2022-05;6;0;nao;nao;0;0,00;0,00;0,00;2022-05-10;nao
LOJAS TODIMO;Contrato original;os;0;1,93;2022-06;7;0;nao;nao;0;0,00;0,00;0,00;2022-06-10;nao
LOJAS TODIMO;Contrato original;os;0;1,93;2022-07;8;0;nao;nao;0;0,00;0,00;0,00;2022-07-10;nao
LOJAS TODIMO;Contrato original;os;0;1,93;2022-08;9;0;nao;nao;0;0,00;0,00;0,00;2022-08-10;nao
LOJAS TODIMO;Contrato original;os;0;1,93;2022-09;10;0;nao;nao;0;0,00;0,00;0,00;2022-09-10;nao
LOJAS TODIMO;Contrato original;os;0;1,93;2022-10;11;0;nao;nao;0;0,00;0,00;0,00;2022-10-10;nao
LOJAS TODIMO;Contrato original;os;0;1,93;2022-11;12;0;nao;nao;0;0,00;0,00;0,00;2022-11-10;nao
LOJAS TODIMO;Contrato original;os;0;1,93;2022-12;13;0;nao;nao;0;0,00;0,00;0,00;2022-12-10;nao
LOJAS TODIMO;Contrato original;os;0;1,93;2023-01;14;0;nao;nao;0;0,00;0,00;0,00;2023-01-10;nao
LOJAS TODIMO;Contrato original;os;0;1,93;2023-02;15;0;nao;nao;0;0,00;0,00;0,00;2023-02-10;nao
LOJAS TODIMO;Contrato original;os;0;1,93;2023-03;16;0;nao;nao;0;0,00;0,00;0,00;2023-03-10;nao
LOJAS TODIMO;Contrato original;os;0;1,93;2023-04;17;0;nao;nao;0;0,00;0,00;0,00;2023-04-10;nao
LOJAS TODIMO;Contrato original;os;0;1,93;2023-05;18;0;nao;nao;0;0,00;0,00;0,00;2023-05-10;nao
LOJAS TODIMO;Contrato original;os;0;1,93;2023-06;19;0;nao;nao;0;0,00;0,00;0,00;2023-06-10;nao
LOJAS TODIMO;Contrato original;os;0;1,93;2023-07;20;0;nao;nao;0;0,00;0,00;0,00;2023-07-10;nao
LOJAS TODIMO;Contrato original;os;0;1,93;2023-08;21;0;nao;nao;0;0,00;0,00;0,00;2023-08-10;nao
LOJAS TODIMO;Contrato original;os;0;1,93;2023-09;22;0;nao;nao;0;0,00;0,00;0,00;2023-09-10;nao
LOJAS TODIMO;Contrato original;os;0;1,93;2023-10;23;0;nao;nao;0;0,00;0,00;0,00;2023-10-10;nao
LOJAS TODIMO;Contrato original;os;0;1,93;2023-11;24;0;nao;nao;0;0,00;0,00;0,00;2023-11-10;nao
LOJAS TODIMO;Contrato original;os;0;1,93;2023-12;25;0;nao;nao;0;0,00;0,00;0,00;2023-12-10;nao
LOJAS TODIMO;Contrato original;os;0;1,93;2024-01;26;0;nao;nao;0;0,00;0,00;0,00;2024-01-10;nao
LOJAS TODIMO;Contrato original;os;0;1,93;2024-02;27;0;nao;nao;0;0,00;0,00;0,00;2024-02-10;nao
LOJAS TODIMO;Contrato original;os;0;1,93;2024-03;28;0;nao;nao;0;0,00;0,00;0,00;2024-03-10;nao
LOJAS TODIMO;Contrato original;os;0;1,93;2024-04;29;0;nao;nao;0;0,00;0,00;0,00;2024-04-10;nao
LOJAS TODIMO;Contrato original;os;0;1,93;2024-05;30;0;nao;nao;0;0,00;0,00;0,00;2024-05-10;nao
LOJAS TODIMO;Contrato original;os;0;1,93;2024-06;31;0;nao;nao;0;0,00;0,00;0,00;2024-06-10;nao
LOJAS TODIMO;Contrato original;os;0;1,93;2024-07;32;0;nao;nao;0;0,00;0,00;0,00;2024-07-10;nao
LOJAS TODIMO;Contrato original;os;0;1,93;2024-08;33;0;nao;nao;0;0,00;0,00;0,00;2024-08-10;nao
LOJAS TODIMO;Contrato original;os;0;1,93;2024-09;34;0;nao;nao;0;0,00;0,00;0,00;2024-09-10;nao
LOJAS TODIMO;Contrato original;os;0;1,93;2024-10;35;0;nao;nao;0;0,00;0,00;0,00;2024-10-10;nao
LOJAS TODIMO;Contrato original;os;0;1,93;2024-11;36;0;nao;nao;0;0,00;0,00;0,00;2024-11-10;nao
LOJAS TODIMO;Contrato original;os;0;1,93;2024-12;37;0;nao;nao;0;0,00;0,00;0,00;2024-12-10;nao
LOJAS TODIMO;Contrato original;os;0;1,93;2025-01;38;0;nao;nao;0;0,00;0,00;0,00;2025-01-10;nao
LOJAS TODIMO;Contrato original;os;0;1,93;2025-02;39;0;nao;nao;0;0,00;0,00;0,00;2025-02-10;nao
LOJAS TODIMO;Contrato original;os;0;1,93;2025-03;40;0;nao;nao;0;0,00;0,00;0,00;2025-03-10;nao
LOJAS TODIMO;Contrato original;os;0;1,93;2025-04;41;0;nao;nao;0;0,00;0,00;0,00;2025-04-10;nao
LOJAS TODIMO;Contrato original;os;0;1,93;2025-05;42;0;nao;nao;0;0,00;0,00;0,00;2025-05-10;nao
LOJAS TODIMO;Contrato original;os;0;1,93;2025-06;43;0;nao;nao;0;0,00;0,00;0,00;2025-06-10;nao
LOJAS TODIMO;Contrato original;os;0;1,93;2025-07;44;0;nao;nao;0;0,00;0,00;0,00;2025-07-10;nao
LOJAS TODIMO;Contrato original;os;0;1,93;2025-08;45;0;nao;nao;0;0,00;0,00;0,00;2025-08-10;nao
LOJAS TODIMO;Contrato original;os;0;1,93;2025-09;46;0;nao;nao;0;0,00;0,00;0,00;2025-09-10;nao
LOJAS TODIMO;Contrato original;os;0;1,93;2025-10;47;0;nao;nao;0;0,00;0,00;0,00;2025-10-10;nao
LOJAS TODIMO;Contrato original;os;0;1,93;2025-11;48;0;nao;nao;0;0,00;0,00;0,00;2025-11-10;nao
LOJAS TODIMO;Contrato original;os;0;1,93;2025-12;49;750;sim;sim;1;0,00;1447,50;1447,50;2025-12-10;nao
LOJAS TODIMO;Contrato original;os;0;1,93;2026-01;50;800;sim;sim;1;0,00;1544,00;1544,00;2026-01-10;nao
LOJAS TODIMO;Contrato original;os;0;1,93;2026-02;51;781;sim;sim;1;0,00;1507,33;1507,33;2026-02-10;nao
LOJAS TODIMO;Contrato original;os;0;1,93;2026-03;52;850;sim;sim;1;0,00;1640,50;1640,50;2026-03-10;nao
LOJAS TODIMO;Contrato original;os;0;1,93;2026-04;53;741;sim;sim;1;0,00;1430,13;1430,13;2026-04-10;nao
LOJAS TODIMO;Contrato original;os;0;1,93;2026-05;54;1328;sim;sim;1;0,00;2563,04;2563,04;2026-05-10;nao
LOJAS TODIMO;Contrato original;os;0;1,93;2026-06;55;2504;sim;sim;1;0,00;4832,72;4832,72;2026-06-10;nao
LOJAS TODIMO;Contrato original;os;0;1,93;2026-07;56;3045;sim;sim;1;0,00;5876,85;5876,85;2026-07-10;nao
LOJAS TODIMO;Contrato original;os;0;1,93;2026-08;57;2859;sim;sim;1;0,00;5517,87;5517,87;2026-08-10;nao
LOJAS TODIMO;Contrato original;os;0;1,93;2026-09;58;3441;sim;sim;1;0,00;6641,13;6641,13;2026-09-10;nao
MULTILOJA;Contrato original;licenca;200;58,50;2023-04;1;0;nao;nao;0;11700,00;0,00;11700,00;2023-04-25;nao
MULTILOJA;Contrato original;licenca;200;58,50;2023-05;2;0;nao;nao;0;11700,00;0,00;11700,00;2023-05-25;nao
MULTILOJA;Contrato original;licenca;200;58,50;2023-06;3;0;nao;nao;0;11700,00;0,00;11700,00;2023-06-25;nao
MULTILOJA;Contrato original;licenca;200;58,50;2023-07;4;0;nao;nao;0;11700,00;0,00;11700,00;2023-07-25;nao
MULTILOJA;Contrato original;licenca;200;58,50;2023-08;5;0;nao;nao;0;11700,00;0,00;11700,00;2023-08-25;nao
MULTILOJA;Contrato original;licenca;200;58,50;2023-09;6;0;nao;nao;0;11700,00;0,00;11700,00;2023-09-25;nao
MULTILOJA;Contrato original;licenca;200;58,50;2023-10;7;0;nao;nao;0;11700,00;0,00;11700,00;2023-10-25;nao
MULTILOJA;Contrato original;licenca;200;58,50;2023-11;8;0;nao;nao;0;11700,00;0,00;11700,00;2023-11-25;nao
MULTILOJA;Contrato original;licenca;200;58,50;2023-12;9;0;nao;nao;0;11700,00;0,00;11700,00;2023-12-25;nao
MULTILOJA;Contrato original;licenca;200;58,50;2024-01;10;0;nao;nao;0;11700,00;0,00;11700,00;2024-01-25;nao
MULTILOJA;Contrato original;licenca;200;58,50;2024-02;11;0;nao;nao;0;11700,00;0,00;11700,00;2024-02-25;nao
MULTILOJA;Contrato original;licenca;200;58,50;2024-03;12;0;nao;nao;0;11700,00;0,00;11700,00;2024-03-25;nao
MULTILOJA;Contrato original;licenca;200;58,50;2024-04;13;0;nao;nao;0;11700,00;0,00;11700,00;2024-04-25;nao
MULTILOJA;Contrato original;licenca;200;58,50;2024-05;14;0;nao;nao;0;11700,00;0,00;11700,00;2024-05-25;nao
MULTILOJA;Contrato original;licenca;200;58,50;2024-06;15;0;nao;nao;0;11700,00;0,00;11700,00;2024-06-25;nao
MULTILOJA;Contrato original;licenca;200;58,50;2024-07;16;0;nao;nao;0;11700,00;0,00;11700,00;2024-07-25;nao
MULTILOJA;Contrato original;licenca;200;58,50;2024-08;17;0;nao;nao;0;11700,00;0,00;11700,00;2024-08-25;nao
MULTILOJA;Contrato original;licenca;200;58,50;2024-09;18;0;nao;nao;0;11700,00;0,00;11700,00;2024-09-25;nao
MULTILOJA;Contrato original;licenca;200;58,50;2024-10;19;0;nao;nao;0;11700,00;0,00;11700,00;2024-10-25;nao
MULTILOJA;Contrato original;licenca;200;58,50;2024-11;20;0;nao;nao;0;11700,00;0,00;11700,00;2024-11-25;nao
MULTILOJA;Contrato original;licenca;200;58,50;2024-12;21;0;nao;nao;0;11700,00;0,00;11700,00;2024-12-25;nao
MULTILOJA;Contrato original;licenca;200;58,50;2025-01;22;0;nao;nao;0;11700,00;0,00;11700,00;2025-01-25;nao
MULTILOJA;Contrato original;licenca;200;58,50;2025-02;23;0;nao;nao;0;11700,00;0,00;11700,00;2025-02-25;nao
MULTILOJA;Contrato original;licenca;200;58,50;2025-03;24;0;nao;nao;0;11700,00;0,00;11700,00;2025-03-25;nao
MULTILOJA;Contrato original;licenca;200;58,50;2025-04;25;0;nao;nao;0;11700,00;0,00;11700,00;2025-04-25;nao
MULTILOJA;Contrato original;licenca;200;58,50;2025-05;26;0;nao;nao;0;11700,00;0,00;11700,00;2025-05-25;nao
MULTILOJA;Contrato original;licenca;200;58,50;2025-06;27;0;nao;nao;0;11700,00;0,00;11700,00;2025-06-25;nao
MULTILOJA;Contrato original;licenca;200;58,50;2025-07;28;0;nao;nao;0;11700,00;0,00;11700,00;2025-07-25;nao
MULTILOJA;Contrato original;licenca;200;58,50;2025-08;29;0;nao;nao;0;11700,00;0,00;11700,00;2025-08-25;nao
MULTILOJA;Contrato original;licenca;200;58,50;2025-09;30;0;nao;nao;0;11700,00;0,00;11700,00;2025-09-25;nao
MULTILOJA;Contrato original;licenca;200;58,50;2025-10;31;0;nao;nao;0;11700,00;0,00;11700,00;2025-10-25;nao
MULTILOJA;Contrato original;licenca;200;58,50;2025-11;32;0;nao;nao;0;11700,00;0,00;11700,00;2025-11-25;nao
MULTILOJA;Contrato original;licenca;200;58,50;2025-12;33;0;nao;sim;1;11700,00;0,00;11700,00;2025-12-25;nao
MULTILOJA;Contrato original;licenca;200;58,50;2026-01;34;0;nao;sim;1;11700,00;0,00;11700,00;2026-01-25;nao
MULTILOJA;Contrato original;licenca;200;58,50;2026-02;35;0;nao;sim;1;11700,00;0,00;11700,00;2026-02-25;nao
MULTILOJA;Contrato original;licenca;200;58,50;2026-03;36;0;nao;sim;1;11700,00;0,00;11700,00;2026-03-25;nao
MULTILOJA;Contrato original;licenca;200;58,50;2026-04;37;0;nao;sim;1;11700,00;0,00;11700,00;2026-04-25;nao
MULTILOJA;Contrato original;licenca;200;58,50;2026-05;38;0;nao;sim;1;11700,00;0,00;11700,00;2026-05-25;nao
MULTILOJA;Contrato original;licenca;200;58,50;2026-06;39;249;sim;sim;1;11700,00;2866,50;14566,50;2026-06-25;nao
MULTILOJA;Contrato original;licenca;200;58,50;2026-07;40;252;sim;sim;1;11700,00;3042,00;14742,00;2026-07-25;nao
MULTILOJA;Contrato original;licenca;200;58,50;2026-08;41;260;sim;sim;1;11700,00;3510,00;15210,00;2026-08-25;nao
MULTILOJA;Contrato original;licenca;200;58,50;2026-09;42;268;sim;sim;1;11700,00;3978,00;15678,00;2026-09-25;nao
OSIRNET;Contrato original;licenca;25;93,50;2024-03;1;0;nao;nao;0;2337,50;0,00;2337,50;2024-03-28;nao
OSIRNET;Contrato original;licenca;25;93,50;2024-04;2;0;nao;nao;0;2337,50;0,00;2337,50;2024-04-28;nao
OSIRNET;Contrato original;licenca;25;93,50;2024-05;3;0;nao;nao;0;2337,50;0,00;2337,50;2024-05-28;nao
OSIRNET;Contrato original;licenca;25;93,50;2024-06;4;0;nao;nao;0;2337,50;0,00;2337,50;2024-06-28;nao
OSIRNET;Contrato original;licenca;25;93,50;2024-07;5;0;nao;nao;0;2337,50;0,00;2337,50;2024-07-28;nao
OSIRNET;Contrato original;licenca;25;93,50;2024-08;6;0;nao;nao;0;2337,50;0,00;2337,50;2024-08-28;nao
OSIRNET;Contrato original;licenca;25;93,50;2024-09;7;0;nao;nao;0;2337,50;0,00;2337,50;2024-09-28;nao
OSIRNET;Contrato original;licenca;25;93,50;2024-10;8;0;nao;nao;0;2337,50;0,00;2337,50;2024-10-28;nao
OSIRNET;Contrato original;licenca;25;93,50;2024-11;9;0;nao;nao;0;2337,50;0,00;2337,50;2024-11-28;nao
OSIRNET;Contrato original;licenca;25;93,50;2024-12;10;0;nao;nao;0;2337,50;0,00;2337,50;2024-12-28;nao
OSIRNET;Contrato original;licenca;25;93,50;2025-01;11;0;nao;nao;0;2337,50;0,00;2337,50;2025-01-28;nao
OSIRNET;Contrato original;licenca;25;93,50;2025-02;12;0;nao;nao;0;2337,50;0,00;2337,50;2025-02-28;nao
OSIRNET;Contrato original;licenca;25;93,50;2025-03;13;0;nao;nao;0;2337,50;0,00;2337,50;2025-03-28;nao
OSIRNET;Contrato original;licenca;25;93,50;2025-04;14;0;nao;nao;0;2337,50;0,00;2337,50;2025-04-28;nao
OSIRNET;Contrato original;licenca;25;93,50;2025-05;15;0;nao;nao;0;2337,50;0,00;2337,50;2025-05-28;nao
OSIRNET;Contrato original;licenca;25;93,50;2025-06;16;0;nao;nao;0;2337,50;0,00;2337,50;2025-06-28;nao
OSIRNET;Contrato original;licenca;25;93,50;2025-07;17;0;nao;nao;0;2337,50;0,00;2337,50;2025-07-28;nao
OSIRNET;Contrato original;licenca;25;93,50;2025-08;18;0;nao;nao;0;2337,50;0,00;2337,50;2025-08-28;nao
OSIRNET;Contrato original;licenca;25;93,50;2025-09;19;0;nao;nao;0;2337,50;0,00;2337,50;2025-09-28;nao
OSIRNET;Contrato original;licenca;25;93,50;2025-10;20;0;nao;nao;0;2337,50;0,00;2337,50;2025-10-28;nao
OSIRNET;Contrato original;licenca;25;93,50;2025-11;21;0;nao;nao;0;2337,50;0,00;2337,50;2025-11-28;nao
OSIRNET;Contrato original;licenca;25;93,50;2025-12;22;0;nao;nao;0;2337,50;0,00;2337,50;2025-12-28;nao
OSIRNET;Contrato original;licenca;25;93,50;2026-01;23;0;nao;nao;0;2337,50;0,00;2337,50;2026-01-28;nao
OSIRNET;Contrato original;licenca;25;93,50;2026-02;24;0;nao;nao;0;2337,50;0,00;2337,50;2026-02-28;nao
OSIRNET;Contrato original;licenca;25;93,50;2026-03;25;0;nao;nao;0;2337,50;0,00;2337,50;2026-03-28;nao
OSIRNET;Contrato original;licenca;25;93,50;2026-04;26;0;nao;sim;1;2337,50;0,00;2337,50;2026-04-28;nao
OSIRNET;Contrato original;licenca;25;93,50;2026-05;27;0;nao;sim;1;2337,50;0,00;2337,50;2026-05-28;nao
OSIRNET;Contrato original;licenca;25;93,50;2026-06;28;35;sim;sim;1;2337,50;935,00;3272,50;2026-06-28;nao
OSIRNET;Contrato original;licenca;25;93,50;2026-07;29;35;sim;sim;1;2337,50;935,00;3272,50;2026-07-28;nao
OSIRNET;Contrato original;licenca;25;93,50;2026-08;30;35;sim;sim;1;2337,50;935,00;3272,50;2026-08-28;nao
OSIRNET;Contrato original;licenca;25;93,50;2026-09;31;35;sim;sim;1;2337,50;935,00;3272,50;2026-09-28;nao
SOLAR MAGAZINE;Contrato original;licenca;130;36,15;2021-10;1;0;nao;nao;0;4699,50;0,00;4699,50;2021-10-06;nao
SOLAR MAGAZINE;Contrato original;licenca;130;36,15;2021-11;2;0;nao;nao;0;4699,50;0,00;4699,50;2021-11-06;nao
SOLAR MAGAZINE;Contrato original;licenca;130;36,15;2021-12;3;0;nao;nao;0;4699,50;0,00;4699,50;2021-12-06;nao
SOLAR MAGAZINE;Contrato original;licenca;130;36,15;2022-01;4;0;nao;nao;0;4699,50;0,00;4699,50;2022-01-06;nao
SOLAR MAGAZINE;Contrato original;licenca;130;36,15;2022-02;5;0;nao;nao;0;4699,50;0,00;4699,50;2022-02-06;nao
SOLAR MAGAZINE;Contrato original;licenca;130;36,15;2022-03;6;0;nao;nao;0;4699,50;0,00;4699,50;2022-03-06;nao
SOLAR MAGAZINE;Contrato original;licenca;130;36,15;2022-04;7;0;nao;nao;0;4699,50;0,00;4699,50;2022-04-06;nao
SOLAR MAGAZINE;Contrato original;licenca;130;36,15;2022-05;8;0;nao;nao;0;4699,50;0,00;4699,50;2022-05-06;nao
SOLAR MAGAZINE;Contrato original;licenca;130;36,15;2022-06;9;0;nao;nao;0;4699,50;0,00;4699,50;2022-06-06;nao
SOLAR MAGAZINE;Contrato original;licenca;130;36,15;2022-07;10;0;nao;nao;0;4699,50;0,00;4699,50;2022-07-06;nao
SOLAR MAGAZINE;Contrato original;licenca;130;36,15;2022-08;11;0;nao;nao;0;4699,50;0,00;4699,50;2022-08-06;nao
SOLAR MAGAZINE;Contrato original;licenca;130;36,15;2022-09;12;0;nao;nao;0;4699,50;0,00;4699,50;2022-09-06;nao
SOLAR MAGAZINE;Contrato original;licenca;130;36,15;2022-10;13;0;nao;nao;0;4699,50;0,00;4699,50;2022-10-06;nao
SOLAR MAGAZINE;Contrato original;licenca;130;36,15;2022-11;14;0;nao;nao;0;4699,50;0,00;4699,50;2022-11-06;nao
SOLAR MAGAZINE;Contrato original;licenca;130;36,15;2022-12;15;0;nao;nao;0;4699,50;0,00;4699,50;2022-12-06;nao
SOLAR MAGAZINE;Contrato original;licenca;130;36,15;2023-01;16;0;nao;nao;0;4699,50;0,00;4699,50;2023-01-06;nao
SOLAR MAGAZINE;Contrato original;licenca;130;36,15;2023-02;17;0;nao;nao;0;4699,50;0,00;4699,50;2023-02-06;nao
SOLAR MAGAZINE;Contrato original;licenca;130;36,15;2023-03;18;0;nao;nao;0;4699,50;0,00;4699,50;2023-03-06;nao
SOLAR MAGAZINE;Contrato original;licenca;130;36,15;2023-04;19;0;nao;nao;0;4699,50;0,00;4699,50;2023-04-06;nao
SOLAR MAGAZINE;Contrato original;licenca;130;36,15;2023-05;20;0;nao;nao;0;4699,50;0,00;4699,50;2023-05-06;nao
SOLAR MAGAZINE;Contrato original;licenca;130;36,15;2023-06;21;0;nao;nao;0;4699,50;0,00;4699,50;2023-06-06;nao
SOLAR MAGAZINE;Contrato original;licenca;130;36,15;2023-07;22;0;nao;nao;0;4699,50;0,00;4699,50;2023-07-06;nao
SOLAR MAGAZINE;Contrato original;licenca;130;36,15;2023-08;23;0;nao;nao;0;4699,50;0,00;4699,50;2023-08-06;nao
SOLAR MAGAZINE;Contrato original;licenca;130;36,15;2023-09;24;0;nao;nao;0;4699,50;0,00;4699,50;2023-09-06;nao
SOLAR MAGAZINE;Contrato original;licenca;130;36,15;2023-10;25;0;nao;nao;0;4699,50;0,00;4699,50;2023-10-06;nao
SOLAR MAGAZINE;Contrato original;licenca;130;36,15;2023-11;26;0;nao;nao;0;4699,50;0,00;4699,50;2023-11-06;nao
SOLAR MAGAZINE;Contrato original;licenca;130;36,15;2023-12;27;0;nao;nao;0;4699,50;0,00;4699,50;2023-12-06;nao
SOLAR MAGAZINE;Contrato original;licenca;130;36,15;2024-01;28;0;nao;nao;0;4699,50;0,00;4699,50;2024-01-06;nao
SOLAR MAGAZINE;Contrato original;licenca;130;36,15;2024-02;29;0;nao;nao;0;4699,50;0,00;4699,50;2024-02-06;nao
SOLAR MAGAZINE;Contrato original;licenca;130;36,15;2024-03;30;0;nao;nao;0;4699,50;0,00;4699,50;2024-03-06;nao
SOLAR MAGAZINE;Contrato original;licenca;130;36,15;2024-04;31;0;nao;nao;0;4699,50;0,00;4699,50;2024-04-06;nao
SOLAR MAGAZINE;Contrato original;licenca;130;36,15;2024-05;32;0;nao;nao;0;4699,50;0,00;4699,50;2024-05-06;nao
SOLAR MAGAZINE;Contrato original;licenca;130;36,15;2024-06;33;0;nao;nao;0;4699,50;0,00;4699,50;2024-06-06;nao
SOLAR MAGAZINE;Contrato original;licenca;130;36,15;2024-07;34;0;nao;nao;0;4699,50;0,00;4699,50;2024-07-06;nao
SOLAR MAGAZINE;Contrato original;licenca;130;36,15;2024-08;35;0;nao;nao;0;4699,50;0,00;4699,50;2024-08-06;nao
SOLAR MAGAZINE;Contrato original;licenca;130;36,15;2024-09;36;0;nao;nao;0;4699,50;0,00;4699,50;2024-09-06;nao
SOLAR MAGAZINE;Contrato original;licenca;130;36,15;2024-10;37;0;nao;nao;0;4699,50;0,00;4699,50;2024-10-06;nao
SOLAR MAGAZINE;Contrato original;licenca;130;36,15;2024-11;38;0;nao;nao;0;4699,50;0,00;4699,50;2024-11-06;nao
SOLAR MAGAZINE;Contrato original;licenca;130;36,15;2024-12;39;0;nao;nao;0;4699,50;0,00;4699,50;2024-12-06;nao
SOLAR MAGAZINE;Contrato original;licenca;130;36,15;2025-01;40;0;nao;nao;0;4699,50;0,00;4699,50;2025-01-06;nao
SOLAR MAGAZINE;Contrato original;licenca;130;36,15;2025-02;41;0;nao;nao;0;4699,50;0,00;4699,50;2025-02-06;nao
SOLAR MAGAZINE;Contrato original;licenca;130;36,15;2025-03;42;0;nao;nao;0;4699,50;0,00;4699,50;2025-03-06;nao
SOLAR MAGAZINE;Contrato original;licenca;130;36,15;2025-04;43;0;nao;nao;0;4699,50;0,00;4699,50;2025-04-06;nao
SOLAR MAGAZINE;Contrato original;licenca;130;36,15;2025-05;44;0;nao;nao;0;4699,50;0,00;4699,50;2025-05-06;nao
SOLAR MAGAZINE;Contrato original;licenca;130;36,15;2025-06;45;0;nao;nao;0;4699,50;0,00;4699,50;2025-06-06;nao
SOLAR MAGAZINE;Contrato original;licenca;130;36,15;2025-07;46;0;nao;nao;0;4699,50;0,00;4699,50;2025-07-06;nao
SOLAR MAGAZINE;Contrato original;licenca;130;36,15;2025-08;47;0;nao;nao;0;4699,50;0,00;4699,50;2025-08-06;nao
SOLAR MAGAZINE;Contrato original;licenca;130;36,15;2025-09;48;0;nao;nao;0;4699,50;0,00;4699,50;2025-09-06;nao
SOLAR MAGAZINE;Contrato original;licenca;130;36,15;2025-10;49;0;nao;nao;0;4699,50;0,00;4699,50;2025-10-06;nao
SOLAR MAGAZINE;Contrato original;licenca;130;36,15;2025-11;50;0;nao;nao;0;4699,50;0,00;4699,50;2025-11-06;nao
SOLAR MAGAZINE;Contrato original;licenca;130;36,15;2025-12;51;0;nao;sim;1;4699,50;0,00;4699,50;2025-12-06;nao
SOLAR MAGAZINE;Contrato original;licenca;130;36,15;2026-01;52;0;nao;sim;1;4699,50;0,00;4699,50;2026-01-06;nao
SOLAR MAGAZINE;Contrato original;licenca;130;36,15;2026-02;53;0;nao;sim;1;4699,50;0,00;4699,50;2026-02-06;nao
SOLAR MAGAZINE;Contrato original;licenca;130;36,15;2026-03;54;0;nao;sim;1;4699,50;0,00;4699,50;2026-03-06;nao
SOLAR MAGAZINE;Contrato original;licenca;130;36,15;2026-04;55;0;nao;sim;1;4699,50;0,00;4699,50;2026-04-06;nao
SOLAR MAGAZINE;Contrato original;licenca;130;36,15;2026-05;56;0;nao;sim;1;4699,50;0,00;4699,50;2026-05-06;nao
SOLAR MAGAZINE;Contrato original;licenca;130;36,15;2026-06;57;166;sim;sim;1;4699,50;1301,40;6000,90;2026-06-06;nao
SOLAR MAGAZINE;Contrato original;licenca;130;36,15;2026-07;58;169;sim;sim;1;4699,50;1409,85;6109,35;2026-07-06;nao
SOLAR MAGAZINE;Contrato original;licenca;130;36,15;2026-08;59;139;sim;sim;1;4699,50;325,35;5024,85;2026-08-06;nao
SOLAR MAGAZINE;Contrato original;licenca;130;36,15;2026-09;60;139;sim;sim;1;4699,50;325,35;5024,85;2026-09-06;nao
VALDIR MÓVEIS;Contrato original;licenca;40;100,00;2026-09;1;0;nao;sim;1;4000,00;0,00;4000,00;2026-09-11;sim
